{"stats":{"minecraft:used":{"minecraft:dirt":18},"minecraft:mined":{"minecraft:grass_block":21},"minecraft:custom":{"minecraft:jump":11,"minecraft:time_since_rest":1191,"minecraft:leave_game":1,"minecraft:damage_dealt":154,"minecraft:crouch_one_cm":6805,"minecraft:walk_one_cm":7254,"minecraft:play_time":4222,"minecraft:damage_taken":779,"minecraft:time_since_death":1164,"minecraft:deaths":3,"minecraft:sneak_time":1706,"minecraft:total_world_time":4222,"minecraft:fall_one_cm":211,"minecraft:fly_one_cm":1467},"minecraft:picked_up":{"minecraft:dirt":19}},"DataVersion":3463}