{"stats":{"minecraft:used":{"minecraft:dirt":1},"minecraft:mined":{"minecraft:grass_block":3},"minecraft:custom":{"minecraft:jump":10,"minecraft:time_since_rest":268,"minecraft:damage_dealt":51,"minecraft:crouch_one_cm":913,"minecraft:deaths":5,"minecraft:play_time":4040,"minecraft:damage_taken":1473,"minecraft:time_since_death":240,"minecraft:walk_one_cm":2897,"minecraft:sneak_time":368,"minecraft:total_world_time":4040,"minecraft:drop":1,"minecraft:fly_one_cm":772},"minecraft:dropped":{"minecraft:dirt":1},"minecraft:picked_up":{"minecraft:dirt":3}},"DataVersion":3463}